 date , USD , EUR , GBP , CHF , SEK , NOK , DKK , CAD ,,,
" 27,790.00 ", 1.00 , 0.76 , 2.03 ,,,,,,,,
" 27,819.00 ", 1.00 , 0.77 , 1.92 ,,,,,,,,
" 27,850.00 ", 1.00 , 0.77 , 1.84 ,,,,,,,,
" 27,880.00 ", 1.00 , 0.75 , 1.76 ,,,,,,,,
" 27,911.00 ", 1.00 , 0.76 , 1.79 ,,,,,,,,
" 27,941.00 ", 1.00 , 0.77 , 1.79 ,,,,,,,,
" 27,972.00 ", 1.00 , 0.77 , 1.78 ,,,,,,,,
" 28,003.00 ", 1.00 , 0.80 , 1.66 ,,,,,,,,
" 28,033.00 ", 1.00 , 0.80 , 1.59 ,,,,,,,,
" 28,064.00 ", 1.00 , 0.81 , 1.65 ,,,,,,,,
" 28,094.00 ", 1.00 , 0.83 , 1.70 ,,,,,,,,
" 28,125.00 ", 1.00 , 0.81 , 1.72 ,,,,,,,,
" 28,156.00 ", 1.00 , 0.82 , 1.71 ,,,,,,,,
" 28,184.00 ", 1.00 , 0.82 , 1.72 ,,,,,,,,
" 28,215.00 ", 1.00 , 0.83 , 1.72 ,,,,,,,,
" 28,245.00 ", 1.00 , 0.83 , 1.72 ,,,,,,,,
" 28,276.00 ", 1.00 , 0.84 , 1.72 ,,,,,,,,
" 28,306.00 ", 1.00 , 0.84 , 1.74 ,,,,,,,,
" 28,337.00 ", 1.00 , 0.84 , 1.74 ,,,,,,,,
" 28,368.00 ", 1.00 , 0.84 , 1.75 ,,,,,,,,
" 28,398.00 ", 1.00 , 0.87 , 1.84 ,,,,,,,,
" 28,429.00 ", 1.00 , 0.88 , 1.82 ,,,,,,,,
" 28,459.00 ", 1.00 , 0.93 , 1.92 ,,,,,,,,
" 28,490.00 ", 1.00 , 0.93 , 1.95 ,,,,,,,,
" 28,521.00 ", 1.00 , 0.97 , 1.94 ,,,,,,,,
" 28,549.00 ", 1.00 , 0.98 , 1.86 ,,,,,,,,
" 28,580.00 ", 1.00 , 0.98 , 1.82 ,,,,,,,,
" 28,610.00 ", 1.00 , 0.93 , 1.83 ,,,,,,,,
" 28,641.00 ", 1.00 , 0.94 , 1.86 ,,,,,,,,
" 28,671.00 ", 1.00 , 0.96 , 1.93 ,,,,,,,,
" 28,702.00 ", 1.00 , 0.98 , 1.94 ,,,,,,,,
" 28,733.00 ", 1.00 , 1.01 , 1.98 ,,,,,,,,
" 28,763.00 ", 1.00 , 1.11 , 2.08 ,,,,,,,,
" 28,794.00 ", 1.00 , 1.01 , 1.94 ,,,,,,,,
" 28,824.00 ", 1.00 , 1.07 , 2.04 ,,,,,,,,
" 28,855.00 ", 1.00 , 1.04 , 1.99 ,,,,,,,,
" 28,886.00 ", 1.00 , 1.06 , 2.02 ,,,,,,,,
" 28,914.00 ", 1.00 , 1.05 , 2.06 ,,,,,,,,
" 28,945.00 ", 1.00 , 1.03 , 2.07 ,,,,,,,,
" 28,975.00 ", 1.00 , 1.02 , 2.07 ,,,,,,,,
" 29,006.00 ", 1.00 , 1.06 , 2.18 ,,,,,,,,
" 29,036.00 ", 1.00 , 1.07 , 2.25 ,,,,,,,,
" 29,067.00 ", 1.00 , 1.07 , 2.25 ,,,,,,,,
" 29,098.00 ", 1.00 , 1.12 , 2.20 ,,,,,,,,
" 29,128.00 ", 1.00 , 1.08 , 2.07 ,,,,,,,,
" 29,159.00 ", 1.00 , 1.13 , 2.20 ,,,,,,,,
" 29,189.00 ", 1.00 , 1.13 , 2.22 ,,,,,,,,
" 29,220.00 ", 1.00 , 1.12 , 2.27 ,,,,,,,,
" 29,251.00 ", 1.00 , 1.10 , 2.27 ,,,,,,,,
" 29,280.00 ", 1.00 , 1.00 , 2.16 ,,,,,,,,
" 29,311.00 ", 1.00 , 1.09 , 2.26 ,,,,,,,,
" 29,341.00 ", 1.00 , 1.10 , 2.34 ,,,,,,,,
" 29,372.00 ", 1.00 , 1.11 , 2.36 ,,,,,,,,
" 29,402.00 ", 1.00 , 1.10 , 2.34 ,,,,,,,,
" 29,433.00 ", 1.00 , 1.09 , 2.40 ,,,,,,,,
" 29,464.00 ", 1.00 , 1.08 , 2.39 ,,,,,,,,
" 29,494.00 ", 1.00 , 1.03 , 2.44 ,,,,,,,,
" 29,525.00 ", 1.00 , 1.02 , 2.36 ,,,,,,,,
" 29,555.00 ", 1.00 , 0.99 , 2.39 ,,,,,,,,
" 29,586.00 ", 1.00 , 0.92 , 2.37 ,,,,,,,,
" 29,617.00 ", 1.00 , 0.92 , 2.20 ,,,,,,,,
" 29,645.00 ", 1.00 , 0.93 , 2.23 ,,,,,,,,
" 29,676.00 ", 1.00 , 0.88 , 2.14 ,,,,,,,,
" 29,706.00 ", 1.00 , 0.84 , 2.07 ,,,,,,,,
" 29,737.00 ", 1.00 , 0.82 , 1.93 ,,,,,,,,
" 29,767.00 ", 1.00 , 0.79 , 1.84 ,,,,,,,,
" 29,798.00 ", 1.00 , 0.80 , 1.85 ,,,,,,,,
" 29,829.00 ", 1.00 , 0.84 , 1.80 ,,,,,,,,
" 29,859.00 ", 1.00 , 0.87 , 1.86 ,,,,,,,,
" 29,890.00 ", 1.00 , 0.89 , 1.96 ,,,,,,,,
" 29,920.00 ", 1.00 , 0.87 , 1.92 ,,,,,,,,
" 29,951.00 ", 1.00 , 0.84 , 1.88 ,,,,,,,,
" 29,982.00 ", 1.00 , 0.82 , 1.82 ,,,,,,,,
" 30,010.00 ", 1.00 , 0.81 , 1.78 ,,,,,,,,
" 30,041.00 ", 1.00 , 0.81 , 1.79 ,,,,,,,,
" 30,071.00 ", 1.00 , 0.83 , 1.79 ,,,,,,,,
" 30,102.00 ", 1.00 , 0.79 , 1.74 ,,,,,,,,
" 30,132.00 ", 1.00 , 0.79 , 1.74 ,,,,,,,,
" 30,163.00 ", 1.00 , 0.79 , 1.72 ,,,,,,,,
" 30,194.00 ", 1.00 , 0.79 , 1.69 ,,,,,,,,
" 30,224.00 ", 1.00 , 0.76 , 1.68 ,,,,,,,,
" 30,255.00 ", 1.00 , 0.79 , 1.63 ,,,,,,,,
" 30,285.00 ", 1.00 , 0.82 , 1.62 ,,,,,,,,
" 30,316.00 ", 1.00 , 0.79 , 1.52 ,,,,,,,,
" 30,347.00 ", 1.00 , 0.80 , 1.51 ,,,,,,,,
" 30,375.00 ", 1.00 , 0.80 , 1.48 ,,,,,,,,
" 30,406.00 ", 1.00 , 0.79 , 1.56 ,,,,,,,,
" 30,436.00 ", 1.00 , 0.77 , 1.60 ,,,,,,,,
" 30,467.00 ", 1.00 , 0.77 , 1.53 ,,,,,,,,
" 30,497.00 ", 1.00 , 0.74 , 1.52 ,,,,,,,,
" 30,528.00 ", 1.00 , 0.73 , 1.49 ,,,,,,,,
" 30,559.00 ", 1.00 , 0.74 , 1.50 ,,,,,,,,
" 30,589.00 ", 1.00 , 0.74 , 1.50 ,,,,,,,,
" 30,620.00 ", 1.00 , 0.72 , 1.46 ,,,,,,,,
" 30,650.00 ", 1.00 , 0.72 , 1.45 ,,,,,,,,
" 30,681.00 ", 1.00 , 0.69 , 1.40 ,,,,,,,,
" 30,712.00 ", 1.00 , 0.69 , 1.49 ,,,,,,,,
" 30,741.00 ", 1.00 , 0.75 , 1.44 ,,,,,,,,
" 30,772.00 ", 1.00 , 0.72 , 1.40 ,,,,,,,,
" 30,802.00 ", 1.00 , 0.72 , 1.39 ,,,,,,,,
" 30,833.00 ", 1.00 , 0.72 , 1.36 ,,,,,,,,
" 30,863.00 ", 1.00 , 0.67 , 1.31 ,,,,,,,,
" 30,894.00 ", 1.00 , 0.67 , 1.31 ,,,,,,,,
" 30,925.00 ", 1.00 , 0.64 , 1.23 ,,,,,,,,
" 30,955.00 ", 1.00 , 0.65 , 1.22 ,,,,,,,,
" 30,986.00 ", 1.00 , 0.63 , 1.20 ,,,,,,,,
" 31,016.00 ", 1.00 , 0.62 , 1.16 ,,,,,,,,
" 31,047.00 ", 1.00 , 0.62 , 1.13 ,,,,,,,,
" 31,078.00 ", 1.00 , 0.59 , 1.08 ,,,,,,,,
" 31,106.00 ", 1.00 , 0.63 , 1.24 ,,,,,,,,
" 31,137.00 ", 1.00 , 0.63 , 1.24 ,,,,,,,,
" 31,167.00 ", 1.00 , 0.64 , 1.29 ,,,,,,,,
" 31,198.00 ", 1.00 , 0.64 , 1.31 ,,,,,,,,
" 31,228.00 ", 1.00 , 0.70 , 1.41 ,,,,,,,,
" 31,259.00 ", 1.00 , 0.70 , 1.39 ,,,,,,,,
" 31,290.00 ", 1.00 , 0.73 , 1.41 ,,,,,,,,
" 31,320.00 ", 1.00 , 0.73 , 1.44 ,,,,,,,,
" 31,351.00 ", 1.00 , 0.78 , 1.49 ,,,,,,,,
" 31,381.00 ", 1.00 , 0.78 , 1.44 ,,,,,,,,
" 31,412.00 ", 1.00 , 0.78 , 1.41 ,,,,,,,,
" 31,443.00 ", 1.00 , 0.88 , 1.44 ,,,,,,,,
" 31,471.00 ", 1.00 , 0.83 , 1.47 ,,,,,,,,
" 31,502.00 ", 1.00 , 0.89 , 1.54 ,,,,,,,,
" 31,532.00 ", 1.00 , 0.84 , 1.47 ,,,,,,,,
" 31,563.00 ", 1.00 , 0.90 , 1.54 ,,,,,,,,
" 31,593.00 ", 1.00 , 0.94 , 1.49 ,,,,,,,,
" 31,624.00 ", 1.00 , 0.96 , 1.49 ,,,,,,,,
" 31,655.00 ", 1.00 , 0.97 , 1.44 ,,,,,,,,
" 31,685.00 ", 1.00 , 0.97 , 1.41 ,,,,,,,,
" 31,716.00 ", 1.00 , 0.99 , 1.43 ,,,,,,,,
" 31,746.00 ", 1.00 , 1.02 , 1.49 ,,,,,,,,
" 31,777.00 ", 1.00 , 1.07 , 1.51 ,,,,,,,,
" 31,808.00 ", 1.00 , 1.07 , 1.55 ,,,,,,,,
" 31,836.00 ", 1.00 , 1.08 , 1.61 ,,,,,,,,
" 31,867.00 ", 1.00 , 1.09 , 1.66 ,,,,,,,,
" 31,897.00 ", 1.00 , 1.07 , 1.63 ,,,,,,,,
" 31,928.00 ", 1.00 , 1.07 , 1.61 ,,,,, 0.75 ,,,
" 31,958.00 ", 1.00 , 1.05 , 1.59 ,,,,, 0.75 ,,,
" 31,989.00 ", 1.00 , 1.07 , 1.63 ,,,,, 0.76 ,,,
" 32,020.00 ", 1.00 , 1.06 , 1.62 ,,,,, 0.76 ,,,
" 32,050.00 ", 1.00 , 1.13 , 1.72 ,,,,, 0.77 ,,,
" 32,081.00 ", 1.00 , 1.19 , 1.83 ,,,,, 0.77 ,,,
" 32,111.00 ", 1.00 , 1.25 , 1.89 ,,,,, 0.78 ,,,
" 32,142.00 ", 1.00 , 1.16 , 1.77 ,,,,, 0.77 ,,,
" 32,173.00 ", 1.00 , 1.16 , 1.77 ,,,,, 0.80 ,,,
" 32,202.00 ", 1.00 , 1.18 , 1.88 ,,,,, 0.81 ,,,
" 32,233.00 ", 1.00 , 1.17 , 1.88 ,,,,, 0.81 ,,,
" 32,263.00 ", 1.00 , 1.13 , 1.84 ,,,,, 0.82 ,,,
" 32,294.00 ", 1.00 , 1.08 , 1.71 ,,,,, 0.83 ,,,
" 32,324.00 ", 1.00 , 1.04 , 1.71 ,,,,, 0.83 ,,,
" 32,355.00 ", 1.00 , 1.04 , 1.68 ,,,,, 0.82 ,,,
" 32,386.00 ", 1.00 , 1.05 , 1.69 ,,,,, 0.82 ,,,
" 32,416.00 ", 1.00 , 1.09 , 1.77 ,,,,, 0.82 ,,,
" 32,447.00 ", 1.00 , 1.13 , 1.85 ,,,,, 0.84 ,,,
" 32,477.00 ", 1.00 , 1.10 , 1.81 ,,,,, 0.84 ,,,
" 32,508.00 ", 1.00 , 1.04 , 1.75 ,,,,, 0.84 ,,,
" 32,539.00 ", 1.00 , 1.07 , 1.74 ,,,,, 0.84 ,,,
" 32,567.00 ", 1.00 , 1.03 , 1.69 ,,,,, 0.84 ,,,
" 32,598.00 ", 1.00 , 1.04 , 1.69 ,,,,, 0.84 ,,,
" 32,628.00 ", 1.00 , 0.99 , 1.57 ,,,,, 0.83 ,,,
" 32,659.00 ", 1.00 , 1.00 , 1.55 ,,,,, 0.84 ,,,
" 32,689.00 ", 1.00 , 1.05 , 1.66 ,,,,, 0.85 ,,,
" 32,720.00 ", 1.00 , 1.00 , 1.57 ,,,,, 0.85 ,,,
" 32,751.00 ", 1.00 , 1.04 , 1.62 ,,,,, 0.85 ,,,
" 32,781.00 ", 1.00 , 1.06 , 1.58 , 0.62 ,,,, 0.85 ,,,
" 32,812.00 ", 1.00 , 1.10 , 1.57 , 0.63 ,,,, 0.86 ,,,
" 32,842.00 ", 1.00 , 1.16 , 1.61 , 0.65 ,,,, 0.86 ,,,
" 32,873.00 ", 1.00 , 1.16 , 1.68 , 0.67 ,,,, 0.84 ,,,
" 32,904.00 ", 1.00 , 1.15 , 1.68 , 0.67 ,,,, 0.84 ,,,
" 32,932.00 ", 1.00 , 1.15 , 1.65 , 0.67 ,,,, 0.85 ,,,
" 32,963.00 ", 1.00 , 1.17 , 1.64 , 0.69 ,,,, 0.86 ,,,
" 32,993.00 ", 1.00 , 1.15 , 1.68 , 0.70 ,,,, 0.85 ,,,
" 33,024.00 ", 1.00 , 1.18 , 1.74 , 0.71 ,,,, 0.86 ,,,
" 33,054.00 ", 1.00 , 1.23 , 1.86 , 0.74 ,,,, 0.87 ,,,
" 33,085.00 ", 1.00 , 1.25 , 1.91 , 0.76 ,,,, 0.86 ,,,
" 33,116.00 ", 1.00 , 1.25 , 1.88 , 0.77 ,,,, 0.87 ,,,
" 33,146.00 ", 1.00 , 1.29 , 1.94 , 0.78 ,,,, 0.86 ,,,
" 33,177.00 ", 1.00 , 1.31 , 1.94 , 0.78 ,,,, 0.86 ,,,
" 33,207.00 ", 1.00 , 1.31 , 1.93 , 0.79 ,,,, 0.86 ,,,
" 33,238.00 ", 1.00 , 1.32 , 1.97 , 0.80 ,,,, 0.86 ,,,
" 33,269.00 ", 1.00 , 1.28 , 1.91 , 0.76 ,,,, 0.87 ,,,
" 33,297.00 ", 1.00 , 1.15 , 1.74 , 0.69 ,,,, 0.86 ,,,
" 33,328.00 ", 1.00 , 1.15 , 1.73 , 0.69 ,,,, 0.87 ,,,
" 33,358.00 ", 1.00 , 1.12 , 1.70 , 0.69 ,,,, 0.87 ,,,
" 33,389.00 ", 1.00 , 1.08 , 1.62 , 0.64 ,,,, 0.88 ,,,
" 33,419.00 ", 1.00 , 1.12 , 1.69 , 0.66 ,,,, 0.87 ,,,
" 33,450.00 ", 1.00 , 1.12 , 1.68 , 0.66 ,,,, 0.88 ,,,
" 33,481.00 ", 1.00 , 1.17 , 1.75 , 0.69 ,,,, 0.88 ,,,
" 33,511.00 ", 1.00 , 1.17 , 1.74 , 0.68 ,,,, 0.89 ,,,
" 33,542.00 ", 1.00 , 1.20 , 1.77 , 0.70 ,,,, 0.88 ,,,
" 33,572.00 ", 1.00 , 1.30 , 1.87 , 0.74 ,,,, 0.86 ,,,
" 33,603.00 ", 1.00 , 1.21 , 1.79 , 0.70 ,,,, 0.85 ,,,
" 33,634.00 ", 1.00 , 1.19 , 1.76 , 0.67 ,,,, 0.85 ,,,
" 33,663.00 ", 1.00 , 1.19 , 1.74 , 0.66 ,,,, 0.84 ,,,
" 33,694.00 ", 1.00 , 1.19 , 1.78 , 0.66 ,,,, 0.84 ,,,
" 33,724.00 ", 1.00 , 1.22 , 1.83 , 0.69 ,,,, 0.83 ,,,
" 33,755.00 ", 1.00 , 1.28 , 1.90 , 0.69 ,,,, 0.83 ,,,
" 33,785.00 ", 1.00 , 1.33 , 1.93 , 0.69 ,,,, 0.85 ,,,
" 33,816.00 ", 1.00 , 1.40 , 1.99 , 0.80 ,,,, 0.84 ,,,
" 33,847.00 ", 1.00 , 1.39 , 1.79 , 0.81 ,,,, 0.80 ,,,
" 33,877.00 ", 1.00 , 1.27 , 1.56 , 0.73 ,,,, 0.81 ,,,
" 33,908.00 ", 1.00 , 1.23 , 1.52 , 0.70 ,,,, 0.78 ,,,
" 33,938.00 ", 1.00 , 1.21 , 1.51 , 0.68 ,,,, 0.79 ,,,
" 33,969.00 ", 1.00 , 1.21 , 1.49 , 0.67 ,,,, 0.79 ,,,
" 34,000.00 ", 1.00 , 1.19 , 1.43 , 0.65 ,,,, 0.80 ,,,
" 34,028.00 ", 1.00 , 1.22 , 1.51 , 0.67 ,,,, 0.79 ,,,
" 34,059.00 ", 1.00 , 1.23 , 1.57 , 0.70 ,,,, 0.79 ,,,
" 34,089.00 ", 1.00 , 1.24 , 1.56 , 0.70 ,,,, 0.79 ,,,
" 34,120.00 ", 1.00 , 1.17 , 1.49 , 0.66 ,,,, 0.78 ,,,
" 34,150.00 ", 1.00 , 1.12 , 1.48 , 0.66 ,,,, 0.78 ,,,
" 34,181.00 ", 1.00 , 1.15 , 1.49 , 0.68 ,,,, 0.76 ,,,
" 34,212.00 ", 1.00 , 1.17 , 1.50 , 0.70 ,,,, 0.75 ,,,
" 34,242.00 ", 1.00 , 1.13 , 1.48 , 0.67 ,,,, 0.76 ,,,
" 34,273.00 ", 1.00 , 1.12 , 1.49 , 0.67 ,,,, 0.75 ,,,
" 34,303.00 ", 1.00 , 1.11 , 1.48 , 0.67 ,,,, 0.76 ,,,
" 34,334.00 ", 1.00 , 1.13 , 1.51 , 0.69 ,,,, 0.75 ,,,
" 34,365.00 ", 1.00 , 1.14 , 1.49 , 0.70 ,,,, 0.74 ,,,
" 34,393.00 ", 1.00 , 1.15 , 1.48 , 0.71 ,,,, 0.72 ,,,
" 34,424.00 ", 1.00 , 1.18 , 1.52 , 0.71 ,,,, 0.72 ,,,
" 34,454.00 ", 1.00 , 1.18 , 1.51 , 0.71 ,,,, 0.72 ,,,
" 34,485.00 ", 1.00 , 1.22 , 1.54 , 0.75 ,,,, 0.72 ,,,
" 34,515.00 ", 1.00 , 1.23 , 1.55 , 0.75 ,,,, 0.72 ,,,
" 34,546.00 ", 1.00 , 1.23 , 1.53 , 0.75 ,,,, 0.73 ,,,
" 34,577.00 ", 1.00 , 1.25 , 1.58 , 0.78 ,,,, 0.74 ,,,
" 34,607.00 ", 1.00 , 1.30 , 1.64 , 0.80 ,,,, 0.74 ,,,
" 34,638.00 ", 1.00 , 1.23 , 1.57 , 0.76 ,,,, 0.73 ,,,
" 34,668.00 ", 1.00 , 1.25 , 1.57 , 0.76 ,,,, 0.71 ,,,
" 34,699.00 ", 1.00 , 1.26 , 1.58 , 0.78 ,,,, 0.71 ,,,
" 34,730.00 ", 1.00 , 1.30 , 1.58 , 0.78 ,,,, 0.72 ,,,
" 34,758.00 ", 1.00 , 1.36 , 1.62 , 0.88 ,,,, 0.71 ,,,
" 34,789.00 ", 1.00 , 1.36 , 1.61 , 0.87 ,,,, 0.74 ,,,
" 34,819.00 ", 1.00 , 1.34 , 1.59 , 0.86 ,,,, 0.73 ,,,
" 34,850.00 ", 1.00 , 1.37 , 1.59 , 0.87 ,,,, 0.73 ,,,
" 34,880.00 ", 1.00 , 1.38 , 1.60 , 0.87 ,,,, 0.73 ,,,
" 34,911.00 ", 1.00 , 1.31 , 1.55 , 0.83 ,,,, 0.74 ,,,
" 34,942.00 ", 1.00 , 1.34 , 1.58 , 0.87 ,,,, 0.75 ,,,
" 34,972.00 ", 1.00 , 1.35 , 1.58 , 0.88 ,,,, 0.74 ,,,
" 35,003.00 ", 1.00 , 1.33 , 1.53 , 0.85 ,,,, 0.73 ,,,
" 35,033.00 ", 1.00 , 1.34 , 1.55 , 0.83 ,,,, 0.73 ,,,
" 35,064.00 ", 1.00 , 1.29 , 1.51 , 0.83 ,,,, 0.73 ,,,
" 35,095.00 ", 1.00 , 1.31 , 1.53 , 0.83 ,,,, 0.73 ,,,
" 35,124.00 ", 1.00 , 1.30 , 1.53 , 0.84 ,,,, 0.74 ,,,
" 35,155.00 ", 1.00 , 1.27 , 1.51 , 0.80 ,,,, 0.73 ,,,
" 35,185.00 ", 1.00 , 1.27 , 1.55 , 0.80 ,,,, 0.73 ,,,
" 35,216.00 ", 1.00 , 1.28 , 1.55 , 0.80 ,,,, 0.73 ,,,
" 35,246.00 ", 1.00 , 1.32 , 1.56 , 0.83 ,,,, 0.73 ,,,
" 35,277.00 ", 1.00 , 1.31 , 1.56 , 0.83 ,,,, 0.73 ,,,
" 35,308.00 ", 1.00 , 1.28 , 1.57 , 0.79 ,,,, 0.73 ,,,
" 35,338.00 ", 1.00 , 1.29 , 1.63 , 0.79 ,,,, 0.75 ,,,
" 35,369.00 ", 1.00 , 1.28 , 1.68 , 0.77 ,,,, 0.74 ,,,
" 35,399.00 ", 1.00 , 1.28 , 1.71 , 0.75 ,,,, 0.73 ,,,
" 35,430.00 ", 1.00 , 1.18 , 1.60 , 0.70 ,,,, 0.74 ,,,
" 35,461.00 ", 1.00 , 1.15 , 1.63 , 0.68 ,,,, 0.73 ,,,
" 35,489.00 ", 1.00 , 1.16 , 1.64 , 0.69 ,,,, 0.72 ,,,
" 35,520.00 ", 1.00 , 1.13 , 1.62 , 0.68 ,,,, 0.72 ,,,
" 35,550.00 ", 1.00 , 1.13 , 1.64 , 0.71 ,,,, 0.73 ,,,
" 35,581.00 ", 1.00 , 1.13 , 1.67 , 0.68 ,,,, 0.72 ,,,
" 35,611.00 ", 1.00 , 1.07 , 1.64 , 0.67 ,,,, 0.73 ,,,
" 35,642.00 ", 1.00 , 1.08 , 1.61 , 0.67 ,,,, 0.72 ,,,
" 35,673.00 ", 1.00 , 1.11 , 1.62 , 0.69 ,,,, 0.72 ,,,
" 35,703.00 ", 1.00 , 1.14 , 1.68 , 0.71 ,,,, 0.71 ,,,
" 35,734.00 ", 1.00 , 1.12 , 1.69 , 0.70 ,,,, 0.70 ,,,
" 35,764.00 ", 1.00 , 1.10 , 1.65 , 0.68 ,,,, 0.70 ,,,
" 35,795.00 ", 1.00 , 1.08 , 1.63 , 0.68 ,,,, 0.69 ,,,
" 35,826.00 ", 1.00 , 1.09 , 1.65 , 0.68 ,,,, 0.70 ,,,
" 35,854.00 ", 1.00 , 1.08 , 1.67 , 0.68 ,,,, 0.70 ,,,
" 35,885.00 ", 1.00 , 1.10 , 1.67 , 0.67 ,,,, 0.70 ,,,
" 35,915.00 ", 1.00 , 1.10 , 1.63 , 0.67 ,,,, 0.69 ,,,
" 35,946.00 ", 1.00 , 1.10 , 1.67 , 0.66 ,,,, 0.68 ,,,
" 35,976.00 ", 1.00 , 1.11 , 1.63 , 0.67 ,,,, 0.66 ,,,
" 36,007.00 ", 1.00 , 1.12 , 1.68 , 0.70 ,,,, 0.64 ,,,
" 36,038.00 ", 1.00 , 1.18 , 1.70 , 0.73 ,,,, 0.65 ,,,
" 36,068.00 ", 1.00 , 1.19 , 1.68 , 0.74 ,,,, 0.65 ,,,
" 36,099.00 ", 1.00 , 1.16 , 1.65 , 0.72 ,,,, 0.65 ,,,
" 36,129.00 ", 1.00 , 1.17 , 1.66 , 0.73 ,,,, 0.65 ,,,
" 36,160.00 ", 1.00 , 1.14 , 1.65 , 0.71 ,,,, 0.66 ,,,
" 36,191.00 ", 1.00 , 1.10 , 1.60 , 0.69 ,,,, 0.66 ,,,
" 36,219.00 ", 1.00 , 1.08 , 1.61 , 0.67 ,,,, 0.66 ,,,
" 36,250.00 ", 1.00 , 1.06 , 1.61 , 0.66 ,,,, 0.69 ,,,
" 36,280.00 ", 1.00 , 1.04 , 1.60 , 0.65 ,,,, 0.68 ,,,
" 36,311.00 ", 1.00 , 1.04 , 1.58 , 0.65 ,,,, 0.68 ,,,
" 36,341.00 ", 1.00 , 1.07 , 1.62 , 0.67 ,,,, 0.66 ,,,
" 36,372.00 ", 1.00 , 1.06 , 1.60 , 0.66 ,,,, 0.67 ,,,
" 36,403.00 ", 1.00 , 1.07 , 1.65 , 0.67 ,,,, 0.68 ,,,
" 36,433.00 ", 1.00 , 1.06 , 1.64 , 0.66 ,,,, 0.68 ,,,
" 36,464.00 ", 1.00 , 1.01 , 1.60 , 0.63 ,,,, 0.68 ,,,
" 36,494.00 ", 1.00 , 1.01 , 1.61 , 0.63 ,,,, 0.69 ,,,
" 36,525.00 ", 1.00 , 0.97 , 1.62 , 0.60 ,,,, 0.69 ,,,
" 36,556.00 ", 1.00 , 0.96 , 1.58 , 0.60 ,,,, 0.69 ,,,
" 36,585.00 ", 1.00 , 0.96 , 1.59 , 0.60 ,,,, 0.69 ,,,
" 36,616.00 ", 1.00 , 0.91 , 1.55 , 0.60 ,,,, 0.68 ,,,
" 36,646.00 ", 1.00 , 0.94 , 1.50 , 0.59 ,,,, 0.67 ,,,
" 36,677.00 ", 1.00 , 0.95 , 1.52 , 0.61 ,,,, 0.68 ,,,
" 36,707.00 ", 1.00 , 0.93 , 1.50 , 0.60 ,,,, 0.67 ,,,
" 36,738.00 ", 1.00 , 0.89 , 1.45 , 0.57 ,,,, 0.68 ,,,
" 36,769.00 ", 1.00 , 0.88 , 1.48 , 0.58 ,,,, 0.67 ,,,
" 36,799.00 ", 1.00 , 0.85 , 1.45 , 0.56 ,,,, 0.66 ,,,
" 36,830.00 ", 1.00 , 0.87 , 1.42 , 0.58 ,,,, 0.65 ,,,
" 36,860.00 ", 1.00 , 0.94 , 1.49 , 0.62 ,,,, 0.67 ,,,
" 36,891.00 ", 1.00 , 0.94 , 1.46 , 0.61 ,,,, 0.67 ,,,
" 36,922.00 ", 1.00 , 0.92 , 1.45 , 0.60 ,,,, 0.65 ,,,
" 36,950.00 ", 1.00 , 0.87 , 1.41 , 0.57 ,,,, 0.63 ,,,
" 36,981.00 ", 1.00 , 0.89 , 1.43 , 0.58 ,,,, 0.65 ,,,
" 37,011.00 ", 1.00 , 0.85 , 1.42 , 0.56 ,,,, 0.65 ,,,
" 37,042.00 ", 1.00 , 0.85 , 1.42 , 0.56 ,,,, 0.66 ,,,
" 37,072.00 ", 1.00 , 0.88 , 1.43 , 0.58 ,,,, 0.65 ,,,
" 37,103.00 ", 1.00 , 0.91 , 1.45 , 0.60 ,,,, 0.64 ,,,
" 37,134.00 ", 1.00 , 0.91 , 1.47 , 0.62 ,,,, 0.63 ,,,
" 37,164.00 ", 1.00 , 0.90 , 1.45 , 0.61 ,,,, 0.63 ,,,
" 37,195.00 ", 1.00 , 0.90 , 1.42 , 0.61 ,,,, 0.64 ,,,
" 37,225.00 ", 1.00 , 0.89 , 1.45 , 0.60 ,,,, 0.63 ,,,
" 37,256.00 ", 1.00 , 0.86 , 1.41 , 0.58 ,,,, 0.63 ,,,
" 37,287.00 ", 1.00 , 0.87 , 1.42 , 0.59 ,,,, 0.62 ,,,
" 37,315.00 ", 1.00 , 0.87 , 1.43 , 0.59 ,,,, 0.63 ,,,
" 37,346.00 ", 1.00 , 0.90 , 1.46 , 0.62 ,,,, 0.64 ,,,
" 37,376.00 ", 1.00 , 0.93 , 1.46 , 0.64 ,,,, 0.65 ,,,
" 37,407.00 ", 1.00 , 0.99 , 1.53 , 0.68 ,,,, 0.66 ,,,
" 37,437.00 ", 1.00 , 0.98 , 1.56 , 0.67 ,,,, 0.63 ,,,
" 37,468.00 ", 1.00 , 0.98 , 1.55 , 0.67 ,,,, 0.64 ,,,
" 37,499.00 ", 1.00 , 0.99 , 1.57 , 0.68 ,,,, 0.63 ,,,
" 37,529.00 ", 1.00 , 0.99 , 1.56 , 0.68 ,,,, 0.64 ,,,
" 37,560.00 ", 1.00 , 0.99 , 1.56 , 0.67 ,,,, 0.64 ,,,
" 37,590.00 ", 1.00 , 1.05 , 1.61 , 0.72 ,,,, 0.64 ,,,
" 37,621.00 ", 1.00 , 1.08 , 1.65 , 0.73 ,,,, 0.66 ,,,
" 37,652.00 ", 1.00 , 1.08 , 1.57 , 0.74 ,,,, 0.67 ,,,
" 37,680.00 ", 1.00 , 1.09 , 1.58 , 0.74 ,,,, 0.68 ,,,
" 37,711.00 ", 1.00 , 1.12 , 1.60 , 0.74 ,,,, 0.70 ,,,
" 37,741.00 ", 1.00 , 1.18 , 1.64 , 0.77 ,,,, 0.73 ,,,
" 37,772.00 ", 1.00 , 1.15 , 1.65 , 0.74 ,,,, 0.74 ,,,
" 37,802.00 ", 1.00 , 1.12 , 1.61 , 0.73 ,,,, 0.71 ,,,
" 37,833.00 ", 1.00 , 1.10 , 1.58 , 0.71 ,,,, 0.72 ,,,
" 37,864.00 ", 1.00 , 1.17 , 1.66 , 0.75 ,,,, 0.74 ,,,
" 37,894.00 ", 1.00 , 1.16 , 1.69 , 0.75 ,,,, 0.76 ,,,
" 37,925.00 ", 1.00 , 1.20 , 1.72 , 0.77 ,,,, 0.77 ,,,
" 37,955.00 ", 1.00 , 1.26 , 1.78 , 0.80 ,,,, 0.77 ,,,
" 37,986.00 ", 1.00 , 1.25 , 1.82 , 0.80 ,,,, 0.75 ,,,
" 38,017.00 ", 1.00 , 1.25 , 1.87 , 0.79 ,,,, 0.75 ,,,
" 38,046.00 ", 1.00 , 1.23 , 1.85 , 0.79 ,,,, 0.76 ,,,
" 38,077.00 ", 1.00 , 1.20 , 1.78 , 0.77 ,,,, 0.73 ,,,
" 38,107.00 ", 1.00 , 1.22 , 1.83 , 0.80 ,,,, 0.73 ,,,
" 38,138.00 ", 1.00 , 1.22 , 1.82 , 0.78 ,,,, 0.75 ,,,
" 38,168.00 ", 1.00 , 1.20 , 1.82 , 0.78 ,,,, 0.75 ,,,
" 38,199.00 ", 1.00 , 1.22 , 1.80 , 0.79 ,,,, 0.76 ,,,
" 38,230.00 ", 1.00 , 1.24 , 1.81 , 0.80 ,,,, 0.79 ,,,
" 38,260.00 ", 1.00 , 1.28 , 1.84 , 0.84 ,,,, 0.82 ,,,
" 38,291.00 ", 1.00 , 1.33 , 1.91 , 0.88 ,,,, 0.84 ,,,
" 38,321.00 ", 1.00 , 1.35 , 1.92 , 0.88 ,,,, 0.83 ,,,
" 38,352.00 ", 1.00 , 1.30 , 1.88 , 0.84 ,,,, 0.81 ,,,
" 38,383.00 ", 1.00 , 1.32 , 1.92 , 0.86 ,,,, 0.81 ,,,
" 38,411.00 ", 1.00 , 1.30 , 1.89 , 0.84 , 0.14 ,,, 0.83 ,,,
" 38,442.00 ", 1.00 , 1.29 , 1.91 , 0.84 , 0.14 ,,, 0.79 ,,,
" 38,472.00 ", 1.00 , 1.23 , 1.82 , 0.80 , 0.13 ,,, 0.80 ,,,
" 38,503.00 ", 1.00 , 1.21 , 1.79 , 0.78 , 0.13 ,,, 0.82 ,,,
" 38,533.00 ", 1.00 , 1.21 , 1.76 , 0.78 , 0.13 ,,, 0.82 ,,,
" 38,564.00 ", 1.00 , 1.23 , 1.80 , 0.77 , 0.13 ,,, 0.84 ,,,
" 38,595.00 ", 1.00 , 1.20 , 1.76 , 0.77 , 0.13 ,,, 0.86 ,,,
" 38,625.00 ", 1.00 , 1.20 , 1.77 , 0.78 , 0.13 ,,, 0.85 ,,,
" 38,656.00 ", 1.00 , 1.18 , 1.73 , 0.76 , 0.12 ,,, 0.86 ,,,
" 38,686.00 ", 1.00 , 1.18 , 1.72 , 0.76 , 0.13 ,,, 0.86 ,,,
" 38,717.00 ", 1.00 , 1.22 , 1.78 , 0.78 , 0.13 , 0.15 , 0.16 , 0.88 ,,,
" 38,748.00 ", 1.00 , 1.19 , 1.75 , 0.76 , 0.13 , 0.15 , 0.16 , 0.88 ,,,
" 38,776.00 ", 1.00 , 1.21 , 1.74 , 0.76 , 0.13 , 0.15 , 0.16 , 0.86 ,,,
" 38,807.00 ", 1.00 , 1.26 , 1.82 , 0.81 , 0.14 , 0.16 , 0.17 , 0.89 ,,,
" 38,837.00 ", 1.00 , 1.28 , 1.87 , 0.82 , 0.14 , 0.16 , 0.17 , 0.91 ,,,
" 38,868.00 ", 1.00 , 1.28 , 1.85 , 0.82 , 0.14 , 0.16 , 0.17 , 0.90 ,,,
" 38,898.00 ", 1.00 , 1.28 , 1.87 , 0.81 , 0.14 , 0.16 , 0.17 , 0.88 ,,,
" 38,929.00 ", 1.00 , 1.28 , 1.90 , 0.81 , 0.14 , 0.16 , 0.17 , 0.91 ,,,
" 38,960.00 ", 1.00 , 1.27 , 1.87 , 0.80 , 0.14 , 0.15 , 0.17 , 0.89 ,,,
" 38,990.00 ", 1.00 , 1.28 , 1.91 , 0.80 , 0.15 , 0.15 , 0.17 , 0.89 ,,,
" 39,021.00 ", 1.00 , 1.32 , 1.97 , 0.82 , 0.15 , 0.16 , 0.18 , 0.88 ,,,
" 39,051.00 ", 1.00 , 1.32 , 1.96 , 0.82 , 0.15 , 0.16 , 0.18 , 0.86 ,,,
" 39,082.00 ", 1.00 , 1.30 , 1.97 , 0.80 , 0.14 , 0.16 , 0.17 , 0.85 ,,,
" 39,113.00 ", 1.00 , 1.32 , 1.96 , 0.82 , 0.14 , 0.16 , 0.18 , 0.85 ,,,
" 39,141.00 ", 1.00 , 1.34 , 1.97 , 0.82 , 0.14 , 0.16 , 0.18 , 0.87 ,,,
" 39,172.00 ", 1.00 , 1.36 , 2.00 , 0.83 , 0.15 , 0.17 , 0.18 , 0.90 ,,,
" 39,202.00 ", 1.00 , 1.35 , 1.98 , 0.82 , 0.14 , 0.17 , 0.18 , 0.93 ,,,
" 39,233.00 ", 1.00 , 1.35 , 2.01 , 0.82 , 0.15 , 0.17 , 0.18 , 0.94 ,,,
" 39,263.00 ", 1.00 , 1.37 , 2.03 , 0.83 , 0.15 , 0.17 , 0.18 , 0.94 ,,,
" 39,294.00 ", 1.00 , 1.36 , 2.02 , 0.83 , 0.14 , 0.17 , 0.18 , 0.95 ,,,
" 39,325.00 ", 1.00 , 1.43 , 2.05 , 0.86 , 0.15 , 0.19 , 0.19 , 1.01 ,,,
" 39,355.00 ", 1.00 , 1.45 , 2.08 , 0.86 , 0.15 , 0.19 , 0.19 , 1.06 ,,,
" 39,386.00 ", 1.00 , 1.46 , 2.06 , 0.88 , 0.16 , 0.18 , 0.20 , 1.00 ,,,
" 39,416.00 ", 1.00 , 1.46 , 1.98 , 0.88 , 0.15 , 0.18 , 0.20 , 1.00 ,,,
" 39,447.00 ", 1.00 , 1.49 , 1.99 , 0.92 , 0.16 , 0.18 , 0.20 , 1.00 ,,,
" 39,478.00 ", 1.00 , 1.52 , 1.99 , 0.96 , 0.16 , 0.19 , 0.20 , 1.01 ,,,
" 39,507.00 ", 1.00 , 1.58 , 1.98 , 1.00 , 0.17 , 0.20 , 0.21 , 0.97 ,,,
" 39,538.00 ", 1.00 , 1.56 , 1.99 , 0.97 , 0.17 , 0.20 , 0.21 , 0.99 ,,,
" 39,568.00 ", 1.00 , 1.56 , 1.98 , 0.97 , 0.17 , 0.20 , 0.21 , 1.01 ,,,
" 39,599.00 ", 1.00 , 1.58 , 1.99 , 0.98 , 0.17 , 0.20 , 0.21 , 0.98 ,,,
" 39,629.00 ", 1.00 , 1.56 , 1.98 , 0.95 , 0.16 , 0.19 , 0.21 , 0.98 ,,,
" 39,660.00 ", 1.00 , 1.47 , 1.82 , 0.91 , 0.15 , 0.18 , 0.20 , 0.94 ,,,
" 39,691.00 ", 1.00 , 1.41 , 1.78 , 0.89 , 0.14 , 0.17 , 0.19 , 0.94 ,,,
" 39,721.00 ", 1.00 , 1.27 , 1.61 , 0.86 , 0.13 , 0.15 , 0.17 , 0.82 ,,,
" 39,752.00 ", 1.00 , 1.27 , 1.54 , 0.86 , 0.12 , 0.14 , 0.17 , 0.81 ,,,
" 39,782.00 ", 1.00 , 1.39 , 1.45 , 0.93 , 0.13 , 0.14 , 0.19 , 0.82 ,,,
" 39,813.00 ", 1.00 , 1.28 , 1.45 , 0.86 , 0.12 , 0.14 , 0.17 , 0.81 ,,,
" 39,844.00 ", 1.00 , 1.27 , 1.43 , 0.85 , 0.11 , 0.14 , 0.17 , 0.78 ,,,
" 39,872.00 ", 1.00 , 1.32 , 1.43 , 0.88 , 0.12 , 0.15 , 0.18 , 0.79 ,,,
" 39,903.00 ", 1.00 , 1.32 , 1.48 , 0.88 , 0.12 , 0.15 , 0.19 , 0.84 ,,,
" 39,933.00 ", 1.00 , 1.41 , 1.62 , 0.94 , 0.13 , 0.16 , 0.19 , 0.92 ,,,
" 39,964.00 ", 1.00 , 1.40 , 1.65 , 0.92 , 0.13 , 0.16 , 0.19 , 0.86 ,,,
" 39,994.00 ", 1.00 , 1.43 , 1.67 , 0.93 , 0.14 , 0.16 , 0.19 , 0.93 ,,,
" 40,025.00 ", 1.00 , 1.43 , 1.63 , 0.94 , 0.14 , 0.17 , 0.20 , 0.91 ,,,
" 40,056.00 ", 1.00 , 1.46 , 1.60 , 0.96 , 0.14 , 0.17 , 0.20 , 0.93 ,,,
" 40,086.00 ", 1.00 , 1.47 , 1.64 , 0.97 , 0.14 , 0.17 , 0.20 , 0.92 ,,,
" 40,117.00 ", 1.00 , 1.50 , 1.64 , 0.99 , 0.14 , 0.18 , 0.20 , 0.95 ,,,
" 40,147.00 ", 1.00 , 1.43 , 1.62 , 0.97 , 0.14 , 0.17 , 0.19 , 0.95 ,,,
" 40,178.00 ", 1.00 , 1.39 , 1.60 , 0.94 , 0.14 , 0.17 , 0.19 , 0.93 ,,,
" 40,209.00 ", 1.00 , 1.36 , 1.52 , 0.93 , 0.14 , 0.17 , 0.18 , 0.95 ,,,
" 40,237.00 ", 1.00 , 1.35 , 1.52 , 0.95 , 0.14 , 0.17 , 0.18 , 0.98 ,,,
" 40,268.00 ", 1.00 , 1.33 , 1.53 , 0.93 , 0.14 , 0.17 , 0.18 , 0.98 ,,,
" 40,298.00 ", 1.00 , 1.23 , 1.45 , 0.87 , 0.13 , 0.15 , 0.16 , 0.96 ,,,
" 40,329.00 ", 1.00 , 1.22 , 1.49 , 0.93 , 0.14 , 0.15 , 0.16 , 0.94 ,,,
" 40,359.00 ", 1.00 , 1.30 , 1.57 , 0.96 , 0.14 , 0.16 , 0.17 , 0.97 ,,,
" 40,390.00 ", 1.00 , 1.27 , 1.53 , 0.99 , 0.14 , 0.16 , 0.17 , 0.94 ,,,
" 40,421.00 ", 1.00 , 1.36 , 1.57 , 1.02 , 0.15 , 0.17 , 0.18 , 0.97 ,,,
" 40,451.00 ", 1.00 , 1.39 , 1.60 , 1.02 , 0.15 , 0.17 , 0.19 , 0.98 ,,,
" 40,482.00 ", 1.00 , 1.30 , 1.56 , 1.02 , 0.14 , 0.16 , 0.17 , 0.97 ,,,
" 40,512.00 ", 1.00 , 1.34 , 1.56 , 1.07 , 0.15 , 0.17 , 0.17 , 1.00 ,,,
" 40,543.00 ", 1.00 , 1.37 , 1.60 , 1.06 , 0.15 , 0.17 , 0.18 , 1.00 ,,,
" 40,574.00 ", 1.00 , 1.38 , 1.63 , 1.08 , 0.16 , 0.18 , 0.18 , 1.03 ,,,
" 40,602.00 ", 1.00 , 1.42 , 1.60 , 1.09 , 0.16 , 0.18 , 0.19 , 1.03 ,,,
" 40,633.00 ", 1.00 , 1.48 , 1.67 , 1.16 , 0.17 , 0.19 , 0.20 , 1.06 ,,,
" 40,663.00 ", 1.00 , 1.44 , 1.64 , 1.17 , 0.16 , 0.19 , 0.19 , 1.03 ,,,
" 40,694.00 ", 1.00 , 1.45 , 1.61 , 1.19 , 0.16 , 0.19 , 0.19 , 1.04 ,,,
" 40,724.00 ", 1.00 , 1.44 , 1.64 , 1.27 , 0.16 , 0.19 , 0.19 , 1.05 ,,,
" 40,755.00 ", 1.00 , 1.44 , 1.62 , 1.24 , 0.16 , 0.19 , 0.19 , 1.02 ,,,
" 40,786.00 ", 1.00 , 1.34 , 1.56 , 1.10 , 0.15 , 0.17 , 0.18 , 0.95 ,,,
" 40,816.00 ", 1.00 , 1.39 , 1.61 , 1.14 , 0.15 , 0.18 , 0.19 , 1.00 ,,,
" 40,847.00 ", 1.00 , 1.34 , 1.57 , 1.09 , 0.15 , 0.17 , 0.18 , 0.98 ,,,
" 40,877.00 ", 1.00 , 1.30 , 1.55 , 1.06 , 0.14 , 0.17 , 0.17 , 0.98 ,,,
" 40,908.00 ", 1.00 , 1.31 , 1.58 , 1.09 , 0.15 , 0.17 , 0.18 , 1.00 ,,,
" 40,939.00 ", 1.00 , 1.33 , 1.59 , 1.11 , 0.15 , 0.18 , 0.18 , 1.01 ,,,
" 40,968.00 ", 1.00 , 1.33 , 1.60 , 1.11 , 0.15 , 0.18 , 0.18 , 1.00 ,,,
" 40,999.00 ", 1.00 , 1.32 , 1.62 , 1.10 , 0.15 , 0.17 , 0.18 , 1.01 ,,,
" 41,029.00 ", 1.00 , 1.24 , 1.54 , 1.03 , 0.15 , 0.16 , 0.17 , 0.97 ,,,
" 41,060.00 ", 1.00 , 1.27 , 1.57 , 1.05 , 0.14 , 0.17 , 0.17 , 0.98 ,,,
" 41,090.00 ", 1.00 , 1.23 , 1.57 , 1.02 , 0.15 , 0.17 , 0.16 , 1.00 ,,,
" 41,121.00 ", 1.00 , 1.26 , 1.59 , 1.05 , 0.15 , 0.17 , 0.17 , 1.01 ,,,
" 41,152.00 ", 1.00 , 1.29 , 1.62 , 1.06 , 0.15 , 0.17 , 0.17 , 1.02 ,,,
" 41,182.00 ", 1.00 , 1.30 , 1.61 , 1.07 , 0.15 , 0.18 , 0.17 , 1.00 ,,,
" 41,213.00 ", 1.00 , 1.30 , 1.60 , 1.08 , 0.15 , 0.18 , 0.17 , 1.01 ,,,
" 41,243.00 ", 1.00 , 1.32 , 1.63 , 1.09 , 0.15 , 0.18 , 0.18 , 1.01 ,,,
" 41,274.00 ", 1.00 , 1.36 , 1.59 , 1.10 , 0.16 , 0.18 , 0.18 , 1.00 ,,,
" 41,305.00 ", 1.00 , 1.31 , 1.52 , 1.07 , 0.15 , 0.17 , 0.17 , 0.97 ,,,
" 41,333.00 ", 1.00 , 1.28 , 1.52 , 1.05 , 0.15 , 0.17 , 0.17 , 0.98 ,,,
" 41,364.00 ", 1.00 , 1.32 , 1.55 , 1.08 , 0.15 , 0.17 , 0.18 , 0.99 ,,,
" 41,394.00 ", 1.00 , 1.30 , 1.52 , 1.05 , 0.15 , 0.17 , 0.17 , 0.96 ,,,
" 41,425.00 ", 1.00 , 1.30 , 1.52 , 1.06 , 0.15 , 0.16 , 0.17 , 0.95 ,,,
" 41,455.00 ", 1.00 , 1.33 , 1.52 , 1.08 , 0.15 , 0.17 , 0.18 , 0.97 ,,,
" 41,486.00 ", 1.00 , 1.32 , 1.55 , 1.08 , 0.15 , 0.16 , 0.18 , 0.95 ,,,
" 41,517.00 ", 1.00 , 1.35 , 1.62 , 1.10 , 0.16 , 0.17 , 0.18 , 0.97 ,,,
" 41,547.00 ", 1.00 , 1.36 , 1.60 , 1.10 , 0.15 , 0.17 , 0.18 , 0.96 ,,,
" 41,578.00 ", 1.00 , 1.36 , 1.64 , 1.10 , 0.15 , 0.16 , 0.18 , 0.94 ,,,
" 41,608.00 ", 1.00 , 1.38 , 1.66 , 1.12 , 0.15 , 0.16 , 0.18 , 0.94 ,,,
" 41,639.00 ", 1.00 , 1.35 , 1.64 , 1.10 , 0.15 , 0.16 , 0.18 , 0.90 ,,,
" 41,670.00 ", 1.00 , 1.38 , 1.67 , 1.14 , 0.16 , 0.17 , 0.18 , 0.90 ,,,
" 41,698.00 ", 1.00 , 1.38 , 1.67 , 1.13 , 0.15 , 0.17 , 0.18 , 0.90 ,,,
" 41,729.00 ", 1.00 , 1.39 , 1.69 , 1.14 , 0.15 , 0.17 , 0.19 , 0.91 ,,,
" 41,759.00 ", 1.00 , 1.36 , 1.68 , 1.12 , 0.15 , 0.17 , 0.18 , 0.92 ,,,
" 41,790.00 ", 1.00 , 1.37 , 1.71 , 1.13 , 0.15 , 0.16 , 0.18 , 0.94 ,,,
" 41,820.00 ", 1.00 , 1.34 , 1.69 , 1.10 , 0.14 , 0.16 , 0.18 , 0.92 ,,,
" 41,851.00 ", 1.00 , 1.31 , 1.66 , 1.09 , 0.14 , 0.16 , 0.18 , 0.92 ,,,
" 41,882.00 ", 1.00 , 1.26 , 1.62 , 1.05 , 0.14 , 0.16 , 0.17 , 0.89 ,,,
" 41,912.00 ", 1.00 , 1.25 , 1.60 , 1.04 , 0.13 , 0.15 , 0.17 , 0.89 ,,,
" 41,943.00 ", 1.00 , 1.25 , 1.57 , 1.03 , 0.13 , 0.14 , 0.17 , 0.88 ,,,
" 41,973.00 ", 1.00 , 1.21 , 1.56 , 1.01 , 0.13 , 0.13 , 0.16 , 0.86 ,,,
" 42,004.00 ", 1.00 , 1.13 , 1.50 , 1.09 , 0.12 , 0.13 , 0.15 , 0.79 ,,,
" 42,035.00 ", 1.00 , 1.12 , 1.54 , 1.05 , 0.12 , 0.13 , 0.15 , 0.80 ,,,
" 42,063.00 ", 1.00 , 1.07 , 1.48 , 1.03 , 0.12 , 0.12 , 0.14 , 0.79 ,,,
" 42,094.00 ", 1.00 , 1.12 , 1.54 , 1.07 , 0.12 , 0.13 , 0.15 , 0.83 ,,,
" 42,124.00 ", 1.00 , 1.10 , 1.53 , 1.06 , 0.12 , 0.13 , 0.15 , 0.80 ,,,
" 42,155.00 ", 1.00 , 1.11 , 1.57 , 1.07 , 0.12 , 0.13 , 0.15 , 0.80 ,,,
" 42,185.00 ", 1.00 , 1.10 , 1.56 , 1.03 , 0.12 , 0.12 , 0.15 , 0.76 ,,,
" 42,216.00 ", 1.00 , 1.12 , 1.53 , 1.03 , 0.12 , 0.12 , 0.15 , 0.76 ,,,
" 42,247.00 ", 1.00 , 1.12 , 1.51 , 1.03 , 0.12 , 0.12 , 0.15 , 0.75 ,,,
" 42,277.00 ", 1.00 , 1.10 , 1.54 , 1.01 , 0.12 , 0.12 , 0.15 , 0.76 ,,,
" 42,308.00 ", 1.00 , 1.06 , 1.51 , 0.97 , 0.11 , 0.11 , 0.14 , 0.75 ,,,
" 42,338.00 ", 1.00 , 1.09 , 1.47 , 0.97 , 0.12 , 0.11 , 0.15 , 0.72 ,,,
" 42,369.00 ", 1.00 , 1.08 , 1.42 , 0.98 , 0.12 , 0.12 , 0.15 , 0.72 ,,,
" 42,400.00 ", 1.00 , 1.09 , 1.39 , 1.00 , 0.12 , 0.11 , 0.15 , 0.74 ,,,
" 42,429.00 ", 1.00 , 1.14 , 1.44 , 1.04 , 0.12 , 0.12 , 0.15 , 0.77 ,,,
" 42,460.00 ", 1.00 , 1.14 , 1.46 , 1.04 , 0.12 , 0.12 , 0.15 , 0.80 ,,,
" 42,490.00 ", 1.00 , 1.11 , 1.45 , 1.01 , 0.12 , 0.12 , 0.15 , 0.76 ,,,
" 42,521.00 ", 1.00 , 1.11 , 1.33 , 1.02 , 0.12 , 0.12 , 0.15 , 0.77 ,,,
" 42,551.00 ", 1.00 , 1.12 , 1.32 , 1.03 , 0.12 , 0.12 , 0.15 , 0.77 ,,,
" 42,582.00 ", 1.00 , 1.12 , 1.31 , 1.02 , 0.12 , 0.12 , 0.15 , 0.76 ,,,
" 42,613.00 ", 1.00 , 1.12 , 1.30 , 1.03 , 0.12 , 0.13 , 0.15 , 0.76 ,,,
" 42,643.00 ", 1.00 , 1.10 , 1.22 , 1.01 , 0.11 , 0.12 , 0.15 , 0.75 ,,,
" 42,674.00 ", 1.00 , 1.06 , 1.25 , 0.98 , 0.11 , 0.12 , 0.14 , 0.74 ,,,
" 42,704.00 ", 1.00 , 1.05 , 1.23 , 0.98 , 0.11 , 0.12 , 0.14 , 0.74 ,,,
" 42,735.00 ", 1.00 , 1.08 , 1.26 , 1.01 , 0.11 , 0.12 , 0.15 , 0.77 ,,,
" 42,766.00 ", 1.00 , 1.06 , 1.24 , 0.99 , 0.11 , 0.12 , 0.14 , 0.75 ,,,
" 42,794.00 ", 1.00 , 1.07 , 1.25 , 1.00 , 0.11 , 0.12 , 0.14 , 0.75 ,,,
" 42,825.00 ", 1.00 , 1.09 , 1.29 , 1.00 , 0.11 , 0.12 , 0.15 , 0.73 ,,,
" 42,855.00 ", 1.00 , 1.12 , 1.29 , 1.03 , 0.11 , 0.12 , 0.15 , 0.74 ,,,
" 42,886.00 ", 1.00 , 1.14 , 1.30 , 1.04 , 0.12 , 0.12 , 0.15 , 0.77 ,,,
" 42,916.00 ", 1.00 , 1.18 , 1.32 , 1.03 , 0.12 , 0.13 , 0.16 , 0.80 ,,,
" 42,947.00 ", 1.00 , 1.19 , 1.29 , 1.04 , 0.13 , 0.13 , 0.16 , 0.80 ,,,
" 42,978.00 ", 1.00 , 1.18 , 1.34 , 1.03 , 0.12 , 0.13 , 0.16 , 0.80 ,,,
" 43,008.00 ", 1.00 , 1.16 , 1.33 , 1.00 , 0.12 , 0.12 , 0.16 , 0.78 ,,,
" 43,039.00 ", 1.00 , 1.19 , 1.35 , 1.02 , 0.12 , 0.12 , 0.16 , 0.78 ,,,
" 43,069.00 ", 1.00 , 1.20 , 1.35 , 1.03 , 0.12 , 0.12 , 0.16 , 0.79 ,,,
" 43,100.00 ", 1.00 , 1.24 , 1.42 , 1.07 , 0.13 , 0.13 , 0.17 , 0.81 ,,,
" 43,131.00 ", 1.00 , 1.22 , 1.38 , 1.06 , 0.12 , 0.13 , 0.16 , 0.78 ,,,
" 43,159.00 ", 1.00 , 1.23 , 1.40 , 1.05 , 0.12 , 0.13 , 0.16 , 0.78 ,,,
" 43,190.00 ", 1.00 , 1.21 , 1.38 , 1.01 , 0.11 , 0.12 , 0.16 , 0.78 ,,,
" 43,220.00 ", 1.00 , 1.17 , 1.33 , 1.01 , 0.11 , 0.12 , 0.16 , 0.77 ,,,
" 43,251.00 ", 1.00 , 1.17 , 1.32 , 1.01 , 0.11 , 0.12 , 0.16 , 0.76 ,,,
" 43,281.00 ", 1.00 , 1.17 , 1.31 , 1.01 , 0.11 , 0.12 , 0.16 , 0.77 ,,,
" 43,312.00 ", 1.00 , 1.16 , 1.30 , 1.03 , 0.11 , 0.12 , 0.16 , 0.77 ,,,
" 43,343.00 ", 1.00 , 1.16 , 1.30 , 1.02 , 0.11 , 0.12 , 0.16 , 0.77 ,,,
" 43,373.00 ", 1.00 , 1.13 , 1.28 , 0.99 , 0.11 , 0.12 , 0.15 , 0.76 ,,,
" 43,404.00 ", 1.00 , 1.13 , 1.27 , 1.00 , 0.11 , 0.12 , 0.15 , 0.75 ,,,
" 43,434.00 ", 1.00 , 1.14 , 1.27 , 1.02 , 0.11 , 0.12 , 0.15 , 0.73 ,,,
" 43,465.00 ", 1.00 , 1.14 , 1.31 , 1.01 , 0.11 , 0.12 , 0.15 , 0.76 ,,,
" 43,496.00 ", 1.00 , 1.14 , 1.33 , 1.00 , 0.11 , 0.12 , 0.15 , 0.76 ,,,
" 43,524.00 ", 1.00 , 1.12 , 1.30 , 1.00 , 0.11 , 0.12 , 0.15 , 0.75 ,,,
" 43,555.00 ", 1.00 , 1.12 , 1.30 , 0.98 , 0.10 , 0.12 , 0.15 , 0.75 ,,,
" 43,585.00 ", 1.00 , 1.12 , 1.26 , 1.00 , 0.10 , 0.11 , 0.15 , 0.74 ,,,
" 43,616.00 ", 1.00 , 1.14 , 1.27 , 1.02 , 0.11 , 0.12 , 0.15 , 0.76 ,,,
" 43,646.00 ", 1.00 , 1.11 , 1.22 , 1.01 , 0.10 , 0.11 , 0.15 , 0.76 ,,,
" 43,677.00 ", 1.00 , 1.10 , 1.22 , 1.01 , 0.10 , 0.11 , 0.15 , 0.75 ,,,
" 43,708.00 ", 1.00 , 1.09 , 1.23 , 1.00 , 0.10 , 0.11 , 0.15 , 0.75 ,,,
" 43,738.00 ", 1.00 , 1.12 , 1.29 , 1.01 , 0.10 , 0.11 , 0.15 , 0.76 ,,,
" 43,769.00 ", 1.00 , 1.10 , 1.29 , 1.00 , 0.10 , 0.11 , 0.15 , 0.75 ,,,
" 43,799.00 ", 1.00 , 1.12 , 1.33 , 1.03 , 0.11 , 0.11 , 0.15 , 0.77 ,,,
" 43,830.00 ", 1.00 , 1.11 , 1.32 , 1.04 , 0.10 , 0.11 , 0.15 , 0.76 ,,,
" 43,861.00 ", 1.00 , 1.10 , 1.28 , 1.04 , 0.10 , 0.11 , 0.15 , 0.75 ,,,
" 43,890.00 ", 1.00 , 1.10 , 1.24 , 1.04 , 0.10 , 0.10 , 0.15 , 0.71 ,,,
" 43,921.00 ", 1.00 , 1.10 , 1.26 , 1.03 , 0.10 , 0.10 , 0.15 , 0.72 ,,,
" 43,951.00 ", 1.00 , 1.11 , 1.23 , 1.04 , 0.11 , 0.10 , 0.15 , 0.73 ,,,
" 43,982.00 ", 1.00 , 1.12 , 1.24 , 1.06 , 0.11 , 0.10 , 0.15 , 0.74 ,,,
" 44,012.00 ", 1.00 , 1.18 , 1.31 , 1.09 , 0.11 , 0.11 , 0.16 , 0.74 ,,,
" 44,043.00 ", 1.00 , 1.19 , 1.34 , 1.11 , 0.12 , 0.11 , 0.16 , 0.77 ,,,
" 44,074.00 ", 1.00 , 1.17 , 1.29 , 1.09 , 0.11 , 0.11 , 0.16 , 0.75 ,,,
" 44,104.00 ", 1.00 , 1.16 , 1.29 , 1.09 , 0.11 , 0.10 , 0.16 , 0.75 ,,,
" 44,135.00 ", 1.00 , 1.19 , 1.33 , 1.10 , 0.12 , 0.11 , 0.16 , 0.77 ,,,
" 44,165.00 ", 1.00 , 1.22 , 1.37 , 1.13 , 0.12 , 0.12 , 0.16 , 0.78 ,,,
" 44,196.00 ", 1.00 , 1.21 , 1.37 , 1.12 , 0.12 , 0.12 , 0.16 , 0.78 ,,,
" 44,227.00 ", 1.00 , 1.21 , 1.39 , 1.10 , 0.12 , 0.12 , 0.16 , 0.78 ,,,
" 44,255.00 ", 1.00 , 1.17 , 1.38 , 1.06 , 0.11 , 0.12 , 0.16 , 0.80 ,,,
" 44,286.00 ", 1.00 , 1.20 , 1.38 , 1.09 , 0.12 , 0.12 , 0.16 , 0.81 ,,,
" 44,316.00 ", 1.00 , 1.22 , 1.42 , 1.11 , 0.12 , 0.12 , 0.16 , 0.83 ,,,
" 44,347.00 ", 1.00 , 1.19 , 1.38 , 1.08 , 0.12 , 0.12 , 0.16 , 0.81 ,,,
" 44,377.00 ", 1.00 , 1.19 , 1.39 , 1.10 , 0.12 , 0.11 , 0.16 , 0.80 ,,,
" 44,408.00 ", 1.00 , 1.18 , 1.38 , 1.09 , 0.12 , 0.11 , 0.16 , 0.79 ,,,
" 44,439.00 ", 1.00 , 1.16 , 1.35 , 1.07 , 0.11 , 0.11 , 0.16 , 0.79 ,,,
" 44,469.00 ", 1.00 , 1.16 , 1.37 , 1.09 , 0.11 , 0.12 , 0.15 , 0.81 ,,,
" 44,500.00 ", 1.00 , 1.13 , 1.33 , 1.09 , 0.11 , 0.11 , 0.15 , 0.78 ,,,
" 44,530.00 ", 1.00 , 1.14 , 1.35 , 1.10 , 0.11 , 0.11 , 0.15 , 0.79 ,,,
" 44,561.00 ", 1.00 , 1.12 , 1.34 , 1.08 , 0.11 , 0.11 , 0.15 , 0.79 ,,,
" 44,592.00 ", 1.00 , 1.12 , 1.34 , 1.09 , 0.11 , 0.11 , 0.15 , 0.79 ,,,
" 44,620.00 ", 1.00 , 1.11 , 1.31 , 1.08 , 0.11 , 0.11 , 0.15 , 0.80 ,,,
" 44,651.00 ", 1.00 , 1.05 , 1.26 , 1.03 , 0.10 , 0.11 , 0.14 , 0.78 ,,,
" 44,681.00 ", 1.00 , 1.07 , 1.26 , 1.04 , 0.10 , 0.11 , 0.14 , 0.79 ,,,
" 44,712.00 ", 1.00 , 1.05 , 1.22 , 1.05 , 0.10 , 0.10 , 0.14 , 0.78 ,,,
" 44,742.00 ", 1.00 , 1.02 , 1.22 , 1.05 , 0.10 , 0.10 , 0.14 , 0.78 ,,,
" 44,773.00 ", 1.00 , 1.01 , 1.16 , 1.02 , 0.09 , 0.10 , 0.14 , 0.76 ,,,
" 44,804.00 ", 1.00 , 0.98 , 1.12 , 1.01 , 0.09 , 0.09 , 0.13 , 0.72 ,,,
" 44,834.00 ", 1.00 , 0.99 , 1.15 , 1.00 , 0.09 , 0.10 , 0.13 , 0.73 ,,,
" 44,865.00 ", 1.00 , 1.04 , 1.21 , 1.06 , 0.09 , 0.10 , 0.14 , 0.74 ,,,
" 44,895.00 ", 1.00 , 1.07 , 1.21 , 1.08 , 0.10 , 0.10 , 0.14 , 0.74 ,,,
" 44,926.00 ", 1.00 , 1.09 , 1.23 , 1.09 , 0.10 , 0.10 , 0.15 , 0.75 ,,,
" 44,957.00 ", 1.00 , 1.06 , 1.20 , 1.06 , 0.10 , 0.10 , 0.14 , 0.73 ,,,
" 44,985.00 ", 1.00 , 1.08 , 1.23 , 1.09 , 0.10 , 0.10 , 0.15 , 0.74 ,,,
" 45,016.00 ", 1.00 , 1.10 , 1.26 , 1.12 , 0.10 , 0.09 , 0.15 , 0.74 ,,,
" 45,046.00 ", 1.00 , 1.07 , 1.24 , 1.10 , 0.09 , 0.09 , 0.14 , 0.74 ,,,
" 45,077.00 ", 1.00 , 1.09 , 1.27 , 1.12 , 0.09 , 0.09 , 0.15 , 0.75 ,,,
" 45,107.00 ", 1.00 , 1.10 , 1.28 , 1.15 , 0.09 , 0.10 , 0.15 , 0.76 ,,,
" 45,138.00 ", 1.00 , 1.08 , 1.27 , 1.13 , 0.09 , 0.09 , 0.15 , 0.74 ,,,
" 45,169.00 ", 1.00 , 1.06 , 1.22 , 1.09 , 0.09 , 0.09 , 0.14 , 0.74 ,,,
" 45,199.00 ", 1.00 , 1.06 , 1.22 , 1.10 , 0.09 , 0.09 , 0.14 , 0.72 ,,,
" 45,230.00 ", 1.00 , 1.09 , 1.26 , 1.14 , 0.09 , 0.09 , 0.15 , 0.74 ,,,
" 45,260.00 ", 1.00 , 1.10 , 1.27 , 1.19 , 0.10 , 0.10 , 0.15 , 0.75 ,,,
" 45,291.00 ", 1.00 , 1.08 , 1.27 , 1.16 , 0.10 , 0.10 , 0.14 , 0.74 ,,,
" 45,322.00 ", 1.00 , 1.08 , 1.26 , 1.13 , 0.10 , 0.09 , 0.14 , 0.74 ,,,
" 45,351.00 ", 1.00 , 1.08 , 1.26 , 1.11 , 0.09 , 0.09 , 0.14 , 0.74 ,,,
" 45,382.00 ", 1.00 , 1.07 , 1.25 , 1.09 , 0.09 , 0.09 , 0.14 , 0.73 ,,,
" 45,412.00 ", 1.00 , 1.08 , 1.27 , 1.11 , 0.09 , 0.10 , 0.15 , 0.73 ,,,
" 45,443.00 ", 1.00 , 1.07 , 1.26 , 1.11 , 0.09 , 0.09 , 0.14 , 0.73 ,,,
" 45,473.00 ", 1.00 , 1.08 , 1.29 , 1.14 , 0.09 , 0.09 , 0.14 , 0.72 ,,,
" 45,504.00 ", 1.00 , 1.10 , 1.31 , 1.18 , 0.10 , 0.09 , 0.15 , 0.74 ,,,
" 45,535.00 ", 1.00 , 1.11 , 1.34 , 1.18 , 0.10 , 0.09 , 0.15 , 0.74 ,,,
" 45,565.00 ", 1.00 , 1.09 , 1.29 , 1.16 , 0.09 , 0.09 , 0.15 , 0.72 ,,,
" 45,596.00 ", 1.00 , 1.06 , 1.27 , 1.13 , 0.09 , 0.09 , 0.14 , 0.71 ,,,
" 45,626.00 ", 1.00 , 1.04 , 1.25 , 1.10 , 0.09 , 0.09 , 0.14 , 0.69 ,,,
" 45,657.00 ", 1.00 , 1.04 , 1.24 , 1.10 , 0.09 , 0.09 , 0.14 , 0.69 ,,,
" 45,688.00 ", 1.00 , 1.04 , 1.26 , 1.11 , 0.09 , 0.09 , 0.14 , 0.69 ,,,
" 45,716.00 ", 1.00 , 1.08 , 1.29 , 1.13 , 0.10 , 0.09 , 0.14 , 0.69 ,,,
" 45,747.00 ", 1.00 , 1.13 , 1.33 , 1.21 , 0.10 , 0.10 , 0.15 , 0.72 ,,,
" 45,777.00 ", 1.00 , 1.13 , 1.34 , 1.22 , 0.10 , 0.10 , 0.15 , 0.73 ,,,
" 45,808.00 ", 1.00 , 1.18 , 1.37 , 1.26 , 0.11 , 0.10 , 0.16 , 0.73 ,,,
" 45,838.00 ", 1.00 , 1.14 , 1.32 , 1.23 , 0.10 , 0.10 , 0.15 , 0.72 ,,,
" 45,869.00 ", 1.00 , 1.17 , 1.35 , 1.25 , 0.11 , 0.10 , 0.16 , 0.73 ,,,
" 45,900.00 ", 1.00 , 1.17 , 1.34 , 1.26 , 0.11 , 0.10 , 0.16 , 0.72 ,,,
" 45,930.00 ", 1.00 , 1.16 , 1.33 , 1.25 , 0.10 , 0.10 , 0.16 , 0.71 ,,,